{"cameraMode":{"drawMode":0,"name":"Shaded","section":"Shading Mode"},"sceneLighting":false,"audioPlay":false,"sceneViewState":{"showFog":true,"showMaterialUpdate":false,"showSkybox":true,"showFlares":true,"showImageEffects":true,"showParticleSystems":true},"in2DMode":false,"pivot":{"x":-0.011612419039011002,"y":0.006222338415682316,"z":-0.49444580078125},"rotation":{"x":0.13961157202720643,"y":0.3799227774143219,"z":-0.058123230934143069,"w":0.9125727415084839},"size":0.6866247653961182,"orthographic":false}