{"cameraMode":{"drawMode":0,"name":"Shaded","section":"Shading Mode"},"sceneLighting":true,"audioPlay":false,"sceneViewState":{"showFog":true,"showMaterialUpdate":false,"showSkybox":true,"showFlares":true,"showImageEffects":true,"showParticleSystems":true},"in2DMode":false,"pivot":{"x":240.60047912597657,"y":1.9342937469482422,"z":210.0800018310547},"rotation":{"x":0.05494285747408867,"y":-0.9292769432067871,"z":0.33113858103752139,"w":0.15418457984924317},"size":83.82084655761719,"orthographic":false}